자본재,상업서비스와 공급품,운송
제룡전기,제룡전기,서희건설
에쎈테크,SK네트웍스,삼성중공업
삼성중공업,한양이엔지,SK네트웍스
한양이엔지,HDC랩스,한양이엔지
포메탈,성도이엔지,일진홀딩스
인선이엔티,리파인,HDC랩스
성도이엔지,티웨이항공,까뮤이앤씨
지투파워,현대미포조선,인선이엔티
티웨이항공,현대리바트,성도이엔지
현대리바트,코오롱,리파인
제노코,현대글로비스,노루홀딩스
그린플러스,한화에어로스페이스,CJ대한통운
협진,한라IMS,티웨이항공
성광벤드,동방선기,현대미포조선
로보티즈,에코프로에이치엔,현대리바트
대동기어,한미글로벌,제노코
뉴보텍,쏘카,그린플러스
화천기공,NICE평가정보,코오롱
대양전기공업,LX홀딩스,에이치케이
GS글로벌,한국종합기술,현대글로비스
금화피에스시,제주항공,한화에어로스페이스
알에스오토메이션,로보티즈,한라IMS
양지사,동아지질,에코프로에이치엔
SK,HD현대인프라코어,한미글로벌
한진,뉴보텍,쏘카
넥스턴바이오,태영건설,NICE평가정보
강남제비스코,화천기계,LX홀딩스
국보디자인,웰크론,삼부토건
인화정공,지엔씨에너지,HD현대중공업
다스코,GS글로벌,제주항공
유진로봇,남광토건,한국종합기술
한화시스템,퍼시스,로보티즈
노루페인트,양지사,HD현대인프라코어
대원전선,케이에스피,고려시멘트
와이지-원,KTcs,동아지질
도화엔지니어링,삼목에스폼,TPC
비츠로테크,한국공항,남화토건
자이에스앤디,SK,태영건설
KSS해운,한진,화천기공
한국기업평가,팬스타엔터프라이즈,STX엔진
아스플로,제이오,웰크론
유신,HDC현대산업개발,엔케이
롯데렌탈,강남제비스코,대양전기공업
광명전기,동양고속,GS글로벌
이화공영,범한퓨얼셀,남광토건
HDC,나이스디앤비,퍼시스
세방,인화정공,대동
삼일,다스코,케이에스피
대창단조,아이에스동서,KTcs
SG,HD현대건설기계,SK렌터카
롯데지주,에스비비테크,한국공항
현대로템,유진로봇,SK
한화오션,웰크론한텍,조광페인트
사람인,태웅로직스,삼영엠텍
세진중공업,선광,한진
일승,삼표시멘트,아시아나항공
에스원,티웨이홀딩스,제이오
비나텍,효성,HDC현대산업개발
효성중공업,쎄트렉아이,아스트
DL이앤씨,삼성엔지니어링,레인보우로보틱스
꿈비,세보엠이씨,이건산업
동방,한화시스템,동양고속
흥국,노루페인트,SIMPAC
이엔코퍼레이션,한일홀딩스,강남제비스코
코윈테크,신원종합개발,국보디자인
하이록코리아,희림,나이스디앤비
대창솔루션,HD현대일렉트릭,하이즈항공
HL D&I,한국카본,인화정공
대모,도화엔지니어링,다스코
대한해운,코아스,테라사이언스
신진에스엠,상지카일룸,아이에스동서
가온전선,KSS해운,에스와이
제이엠아이,한국기업평가,HD현대건설기계
아이마켓코리아,한신공영,유진로봇
진성티이씨,유신,웰크론한텍
HD한국조선해양,롯데렌탈,태웅로직스
성신양회,LG,선광
에너토크,대원,서산
LIG넥스원,대우건설,삼표시멘트
보광산업,HSD엔진,티웨이홀딩스
에쓰씨엔지니어링,베노티앤알,효성
프럼파스트,팬오션,모헨즈
에어부산,이화공영,쎄트렉아이
한화,누리플랜,에이스침대
토탈소프트,동양,삼성엔지니어링
HDC랩스,드림시큐리티,대한전선
수산중공업,유수홀딩스,범양건영
리파인,포스코인터내셔널,한화시스템
노루홀딩스,유니온,노루페인트
한라IMS,GS건설,한일홀딩스
동방선기,HDC,희림
윈하이텍,세방,대원전선
쏘카,동부건설,한국카본
LS,STX,웰바이오텍
HD현대중공업,홈센타홀딩스,한익스프레스
기신정기,국영지앤엠,와이지-원
태영건설,SG,켄코아에어로스페이스
웰크론,삼호개발,도화엔지니어링
지엔씨에너지,STX중공업,비츠로테크
대동,에넥스,흥아해운
우림피티에스,우원개발,자이에스앤디
동원개발,디와이,KSS해운
아시아나항공,한화오션,상지카일룸
덕신하우징,사람인,한국기업평가
HDC현대산업개발,일승,한신공영
레인보우로보틱스,에스원,롯데렌탈
범한퓨얼셀,현대무벡스,유신
나이스디앤비,와이엔텍,LG
하이즈항공,비나텍,대원
KCC건설,디케이락,광명전기
웰크론한텍,부산산업,대우건설
태웅로직스,SCI평가정보,팬오션
티웨이홀딩스,아세아시멘트,베노티앤알
모헨즈,자연과환경,이화공영
에이스침대,태광,동양
신원종합개발,HMM,드림시큐리티
희림,다원시스,HDC
웰바이오텍,효성중공업,유수홀딩스
한익스프레스,동신건설,유니온
에스에프에이,DL이앤씨,대한항공
상지카일룸,삼영이엔씨,GS건설
한신공영,꿈비,한창
LG,삼일씨엔에스,세방
HSD엔진,동방,현대지에프홀딩스
팬오션,KTis,동부건설
누리플랜,이엔코퍼레이션,STX
동양,에이트원,삼일
포스코인터내셔널,대창솔루션,홈센타홀딩스
유니온,현대코퍼레이션,국영지앤엠
대한항공,HL D&I,한국항공우주
GS건설,오리엔탈정공,SG
KD,3S,삼호개발
국영지앤엠,SG&G,STX중공업
한국항공우주,대한해운,에넥스
삼호개발,코오롱글로벌,롯데지주
STX중공업,뉴로메카,AJ네트웍스
AJ네트웍스,나이스정보통신,유진기업
디와이피엔에프,제이엠아이,현대로템
인터지스,HJ중공업,우원개발
태광,아이마켓코리아,디와이
퍼스텍,모델솔루션,한화오션
삼영이엔씨,이크레더블,수성샐바시온
화성밸브,에스엠코어,사람인
혜인,에너토크,TYM
한솔홈데코,두산,케이엔솔
뉴로메카,제룡산업,인터지스
두산,한샘,세진중공업
오하임아이엔티,에쓰씨엔지니어링,에스원
이건홀딩스,코엔텍,현대무벡스
KC코트렐,천일고속,와이엔텍
금강공업,KC코트렐,비나텍
SNT에너지,오하임아이엔티,부산산업
영풍정밀,고려신용정보,티에스아이
스맥,진에어,SCI평가정보
동화기업,진흥기업,태광
셀루메드,한솔로지스틱스,HMM
LX인터내셔널,화성산업,벽산
플래스크,듀오백,동신건설
빅텍,SNT에너지,DL이앤씨
한일현대시멘트,영풍정밀,삼영이엔씨
동일금속,서한,국보
코메론,LX인터내셔널,동방
에스앤더블류,디와이파워,SK오션플랜트
CJ대한통운,휴림로봇,KTis
에이치케이,현대건설,이엔코퍼레이션
현대글로비스,SGC이테크건설,하이록코리아
DL건설,CJ,에이트원
한미글로벌,레드캡투어,혜인
씨에스베어링,한일현대시멘트,한솔홈데코
NICE평가정보,금호건설,HL D&I
LX홀딩스,지누스,오리엔탈정공
한국종합기술,신세계건설,3S
부스타,CNT85,SG&G
서호전기,,티에스넥스젠
TPC,,세명전기
남화토건,,두산밥캣
대림통상,,대한해운
파라텍,,일성건설
엔케이,,코오롱글로벌
남광토건,,가온전선
케이에스피,,나이스정보통신
KTcs,,뉴로메카
한국공항,,HJ중공업
SK렌터카,,모델솔루션
조광페인트,,아이마켓코리아
삼영엠텍,,HD한국조선해양
팬스타엔터프라이즈,,이크레더블
아스트,,해성티피씨
테라사이언스,,에스엠코어
에스와이,,성신양회
에스비비테크,,두산
삼표시멘트,,제룡산업
우진,,LIG넥스원
범양건영,,에쓰씨엔지니어링
제일전기공업,,코엔텍
프리엠스,,천일고속
흥아해운,,이건홀딩스
코아스,,고려신용정보
제일테크노스,,진에어
유일로보틱스,,한솔로지스틱스
대원,,서암기계공업
대우건설,,금강공업
케이피에프,,SNT에너지
아이쓰리시스템,,영풍정밀
한창,,에어부산
현대지에프홀딩스,,일진파워
삼성물산,,서한
홈센타홀딩스,,LX인터내셔널
우진플라임,,디와이파워
유진기업,,휴림로봇
TYM,,CJ
HMM,,현대건설
삼일기업공사,,SGC이테크건설
다원시스,,레드캡투어
삼일씨엔에스,,한일현대시멘트
라이온켐텍,,금호건설
KTis,,한화
에이트원,,신세계건설
오리엔탈정공,,토탈소프트
세명전기,,
아세아텍,,
일성건설,,
코오롱글로벌,,
동양파일,,
나이스정보통신,,
HJ중공업,,
모델솔루션,,
해성티피씨,,
나라엠앤디,,
KBI메탈,,
한샘,,
우리기술,,
천일고속,,
고려신용정보,,
화성산업,,
일진파워,,
서한,,
휴림로봇,,
현대건설,,
CJ,,
시디즈,,
이엔플러스,,
에스피시스템스,,
지누스,,
신세계건설,,
서희건설,,
SK네트웍스,,
와토스코리아,,
일진홀딩스,,
까뮤이앤씨,,
KIB플러그에너지,,
TKG애강,,
현대미포조선,,
코오롱,,
한화에어로스페이스,,
현대에버다임,,
보성파워텍,,
에코프로에이치엔,,
에이테크솔루션,,
KT서브마린,,
삼부토건,,
제주항공,,
HD현대인프라코어,,
고려시멘트,,
동아지질,,
STX엔진,,
화천기계,,
퍼시스,,
삼목에스폼,,
에이비프로바이오,,
제이오,,
이건산업,,
SIMPAC,,
동양고속,,
대성하이텍,,
아이에스동서,,
HD현대건설기계,,
선광,,
서산,,
삼익THK,,
일신석재,,
효성,,
쎄트렉아이,,
삼성엔지니어링,,
대한전선,,
세보엠이씨,,
한일홀딩스,,
한국정밀기계,,
HD현대일렉트릭,,
한국카본,,
두산에너빌리티,,
켄코아에어로스페이스,,
메디콕스,,
비엠티,,
베노티앤알,,
우진아이엔에스,,
드림시큐리티,,
유수홀딩스,,
동부건설,,
STX,,
에넥스,,
우원개발,,
디와이,,
수성샐바시온,,
케이엔솔,,
현대무벡스,,
와이엔텍,,
LX하우시스,,
디케이락,,
부산산업,,
티에스아이,,
SCI평가정보,,
아세아시멘트,,
자연과환경,,
유니드비티플러스,,
벽산,,
강원에너지,,
동신건설,,
국보,,
SK오션플랜트,,
현대코퍼레이션,,
3S,,
티에스넥스젠,,
SG&G,,
두산밥캣,,
이크레더블,,
에스엠코어,,
제룡산업,,
코엔텍,,
진에어,,
로보스타,,
한솔로지스틱스,,
진흥기업,,
서암기계공업,,
듀오백,,
한일시멘트,,
피앤씨테크,,
디와이파워,,
SGC이테크건설,,
레드캡투어,,
금호건설,,
CNT85,,
