자동차와 부품,내구소비재와 의류,"호텔, 레스토랑, 레저 등",소매(유통),교육서비스
패션플랫폼,동일고무벨트,인지컨트롤스,패션플랫폼,유비온
동일고무벨트,세이브존I&C,동일고무벨트,인지컨트롤스,YBM넷
인지컨트롤스,넥센타이어,세이브존I&C,세이브존I&C,로보로보
동양피스톤,위닉스,동양피스톤,동양피스톤,메가스터디
넥센타이어,이노진,THE MIDONG,넥센타이어,모나미
위닉스,지엔코,이월드,위닉스,비상교육
이노진,쿠쿠홈시스,파라다이스,이노진,윌비스
지엔코,글로본,참좋은여행,지엔코,디지털대성
핸즈코퍼레이션,제로투세븐,부방,쿠쿠홈시스,웅진씽크빅
글로본,THE MIDONG,롯데관광개발,핸즈코퍼레이션,정상제이엘에스
제로투세븐,이월드,엑서지21,이월드,한세예스24홀딩스
이월드,LG생활건강,이마트,DRB동일,메가엠디
LG생활건강,DRB동일,신세계,디와이씨,세우글로벌
DRB동일,핸즈코퍼레이션,인디에프,삼보모터스,크레버스
코스맥스,코스맥스,이상네트웍스,오리엔트정공,이퓨쳐
부방,롯데관광개발,아난티,동아타이어,케이티알파
디와이씨,골프존뉴딘홀딩스,광주신세계,대성파인텍,메가스터디교육
THE MIDONG,삼보모터스,실리콘투,현대공업,BGF리테일
삼보모터스,동아타이어,NE능률,다산솔루에타,아이비김영
오리엔트정공,엑서지21,호텔신라,계양전기,대교
동아타이어,현대공업,아이스크림에듀,HDC현대EP,NE능률
엑서지21,계양전기,청담글로벌,경동나비엔,골드앤에스
대성파인텍,전방,유비온,에스제이그룹,멀티캠퍼스
현대공업,HDC현대EP,삼성출판사,대동금속,
다산솔루에타,경동나비엔,메타랩스,한주라이트메탈,
계양전기,PN풍년,오토앤,신원,
전방,에스제이그룹,알톤스포츠,와이엠,
HDC현대EP,쿠쿠홀딩스,메가스터디,우리산업홀딩스,
경동나비엔,와이엠,KB오토시스,대구백화점,
대동금속,대동금속,모나미,이마트,
한주라이트메탈,신원,GKL,신세계,
에스제이그룹,네오팜,위니아에이드,파세코,
와이엠,이마트,HL홀딩스,한세예스24홀딩스,
쿠쿠홀딩스,파세코,까스텔바작,그래디언트,
신원,신세계,디딤이앤에프,HL만도,
네오팜,한세예스24홀딩스,씨티알모빌리티,SG글로벌,
우리산업홀딩스,화신,디지털대성,경창산업,
이마트,세우글로벌,커넥트웨이브,화신,
신세계,유니온머티리얼,강원랜드,세우글로벌,
파세코,신영와코루,아이패밀리에스씨,메가엠디,
한세예스24홀딩스,디케이앤디,씨앤투스,신영와코루,
HL만도,한국화장품제조,코웰패션,인디에프,
SG글로벌,DH오토웨어,이퓨쳐,화승알앤에이,
경창산업,오로라,유니켐,태원물산,
화신,인디에프,평화산업,롯데쇼핑,
세우글로벌,화승알앤에이,손오공,광주신세계,
유니온머티리얼,원익,아이비김영,아난티,
신영와코루,씨티케이,대교,부산주공,
디케이앤디,롯데쇼핑,골드앤에스,방림,
한국화장품제조,아난티,베뉴지,한독크린텍,
DH오토웨어,실리콘투,로보로보,신성통상,
인디에프,방림,YBM넷,호텔신라,
화승알앤에이,코스메카코리아,케이비아이동국실업,세동,
원익,신성통상,한섬,아이스크림에듀,
씨티케이,호텔신라,KG모빌리티,금호에이치티,
태원물산,세동,ES큐브,메가스터디교육,
이상네트웍스,아이스크림에듀,모다이노칩,대유에이텍,
아난티,금호에이치티,정상제이엘에스,서연탑메탈,
부산주공,청담글로벌,브랜드엑스코퍼레이션,GS리테일,
방림,한국화장품,크레버스,풍강,
한독크린텍,풍강,용평리조트,유라테크,
코스메카코리아,유라테크,젬백스링크,삼성출판사,
신성통상,삼성출판사,노랑풍선,메타랩스,
세동,오토앤,하나투어,오토앤,
금호에이치티,삼원강재,멀티캠퍼스,삼원강재,
KR모터스,메타랩스,본느,알톤스포츠,
대유에이텍,알톤스포츠,세기상사,모토닉,
서연탑메탈,토니모리,골프존,일진하이솔루스,
풍강,큐렉소,신성델타테크,큐렉소,
한국화장품,코리아나,위즈코프,대원강업,
유라테크,대원강업,아이에스이커머스,모나미,
오토앤,모나미,신세계푸드,자이글,
삼원강재,자이글,모두투어,KB오토시스,
삼성출판사,KB오토시스,이녹스,엠에스오토텍,
메타랩스,엠에스오토텍,바른손,평화홀딩스,
알톤스포츠,SNT모티브,비상교육,SNT모티브,
모토닉,캐스텍코리아,영원무역홀딩스,위니아에이드,
일진하이솔루스,위니아에이드,아이윈,캐스텍코리아,
토니모리,HL홀딩스,아이톡시,HL홀딩스,
코리아나,에이블씨엔씨,웅진씽크빅,에이블씨엔씨,
대원강업,YW,예스24,YW,
KB오토시스,까스텔바작,코웨이,까스텔바작,
엠에스오토텍,디딤이앤에프,남화산업,폴라리스세원,
자이글,대원화성,성우하이텍,씨티알모빌리티,
평화홀딩스,비비안,코데즈컴바인,비비안,
원풍물산,구영테크,크린앤사이언스,구영테크,
SNT모티브,엔에프씨,서부T&D,디지털대성,
캐스텍코리아,커넥트웨이브,코드네이처,커넥트웨이브,
위니아에이드,삼성공조,내츄럴엔도텍,한일단조,
HL홀딩스,강원랜드,서연,삼성공조,
에이블씨엔씨,성안,LS네트웍스,크리스에프앤씨,
YW,한국큐빅,경방,한국큐빅,
폴라리스세원,크리스에프앤씨,BGF리테일,모베이스전자,
까스텔바작,아이패밀리에스씨,그리티,휠라홀딩스,
대원화성,씨앤투스,BGF에코머티리얼즈,엔브이에이치코리아,
씨티알모빌리티,모베이스전자,한국콜마홀딩스,삼기이브이,
비비안,휠라홀딩스,,에스맥,
구영테크,효성티앤씨,,코웰패션,
커넥트웨이브,삼기이브이,,이퓨쳐,
엔에프씨,에스맥,,메디앙스,
한일단조,금호타이어,,우수AMS,
삼성공조,코웰패션,,위니아,
성안,이퓨쳐,,유니켐,
크리스에프앤씨,메디앙스,,휴비스,
한국큐빅,유니켐,,티피씨글로벌,
아이패밀리에스씨,위니아,,도이치모터스,
씨앤투스,우수AMS,,하츠,
모베이스전자,씨앤씨인터내셔널,,DN오토모티브,
휠라홀딩스,세화피앤씨,,에스엘,
엔브이에이치코리아,휴비스,,평화산업,
효성티앤씨,하츠,,모베이스,
삼기이브이,에스엘,,손오공,
에스맥,대한방직,,현대백화점,
코웰패션,케이엠,,아이비김영,
금호타이어,모베이스,,골드앤에스,
우수AMS,올리패스,,디아이씨,
유니켐,블리츠웨이,,대원산업,
위니아,새로닉스,,화신정공,
메디앙스,화신정공,,디젠스,
씨앤씨인터내셔널,CBI,,CBI,
세화피앤씨,감성코퍼레이션,,서연이화,
휴비스,SNT다이내믹스,,베뉴지,
티피씨글로벌,로보로보,,한온시스템,
도이치모터스,세종공업,,체시스,
DN오토모티브,코디,,감성코퍼레이션,
에스엘,한섬,,SNT다이내믹스,
하츠,더네이쳐홀딩스,,세종공업,
대한방직,피에이치에이,,한섬,
케이엠,삼기,,케이비아이동국실업,
평화산업,F&F,,더네이쳐홀딩스,
모베이스,KG모빌리티,,피에이치에이,
올리패스,에브리봇,,기아,
현대백화점,롯데하이마트,,삼기,
블리츠웨이,배럴,,F&F,
새로닉스,클리오,,KG모빌리티,
디아이씨,조광피혁,,롯데하이마트,
대원산업,에코플라스틱,,에브리봇,
화신정공,티에이치엔,,배럴,
디젠스,모다이노칩,,대유플러스,
CBI,ES큐브,,에코플라스틱,
서연이화,덕성,,티에이치엔,
한온시스템,브랜드엑스코퍼레이션,,영화금속,
체시스,현대모비스,,ES큐브,
감성코퍼레이션,아가방컴퍼니,,모다이노칩,
SNT다이내믹스,태평양물산,,덕성,
로보로보,피코그램,,정상제이엘에스,
세종공업,모트렉스,,브랜드엑스코퍼레이션,
코디,네오티스,,현대모비스,
케이비아이동국실업,인팩,,아가방컴퍼니,
한섬,현대홈쇼핑,,태평양물산,
더네이쳐홀딩스,브이씨,,크레버스,
피에이치에이,오텍,,동원금속,
기아,에코캡,,피코그램,
삼기,신세계인터내셔날,,모트렉스,
F&F,대현,,네오티스,
KG모빌리티,젬백스링크,,용평리조트,
롯데하이마트,화승코퍼레이션,,인팩,
에브리봇,노랑풍선,,현대홈쇼핑,
배럴,아우딘퓨쳐스,,현대위아,
대유플러스,이원컴포텍,,오텍,
에코플라스틱,아모레퍼시픽,,에코캡,
클리오,코스나인,,신세계인터내셔날,
조광피혁,호전실업,,대현,
티에이치엔,삼천리자전거,,젬백스링크,
영화금속,현대바이오,,화승코퍼레이션,
덕성,영원무역,,유니크,
모다이노칩,형지I&C,,하나투어,
ES큐브,윙스풋,,이원컴포텍,
브랜드엑스코퍼레이션,세원정공,,세방전지,
현대모비스,본느,,호전실업,
태평양물산,세기상사,,삼천리자전거,
동원금속,명신산업,,형지I&C,
모트렉스,제이에스코퍼레이션,,영원무역,
피코그램,신성델타테크,,케이카,
네오티스,화승엔터프라이즈,,윙스풋,
인팩,국동,,세원정공,
현대홈쇼핑,동아화성,,본느,
현대위아,스킨앤스킨,,세기상사,
브이씨,SG세계물산,,명신산업,
오텍,아이에스이커머스,,제이에스코퍼레이션,
SNT홀딩스,애경산업,,신성델타테크,
에코캡,넥센,,국동,
대현,한세실업,,SG세계물산,
화승코퍼레이션,삼익악기,,위즈코프,
유니크,BYC,,스킨앤스킨,
아우딘퓨쳐스,제이에스티나,,동아화성,
이원컴포텍,삼양통상,,우리산업,
세방전지,이녹스,,오스템,
아모레퍼시픽,일신방직,,아이에스이커머스,
호전실업,형지엘리트,,넥센,
코스나인,바른손,,한세실업,
삼천리자전거,윌비스,,삼익악기,
현대바이오,폴라리스우노,,모두투어,
형지I&C,아이윈,,BYC,
케이카,영원무역홀딩스,,형지엘리트,
영원무역,백산,,일신방직,
세원정공,라파스,,아이에이,
본느,한국타이어앤테크놀로지,,바른손,
세기상사,대유에이피,,윌비스,
명신산업,두올,,새론오토모티브,
에스티오,제닉,,영원무역홀딩스,
제이에스코퍼레이션,예스24,,아이윈,
신성델타테크,코웨이,,백산,
화승엔터프라이즈,한세엠케이,,웅진씽크빅,
국동,성창오토텍,,대유에이피,
동아화성,브이티,,두올,
스킨앤스킨,한국콜마,,제닉,
우리산업,일지테크,,예스24,
SG세계물산,코데즈컴바인,,코웨이,
오스템,신일전자,,한세엠케이,
신세계푸드,현대바이오랜드,,성창오토텍,
넥센,크린앤사이언스,,코데즈컴바인,
애경산업,잇츠한불,,유니테크노,
한세실업,코드네이처,,성우하이텍,
삼익악기,서진오토모티브,,일지테크,
BYC,내츄럴엔도텍,,신일전자,
이녹스,현대퓨처넷,,영화테크,
제이에스티나,엔바이오니아,,크린앤사이언스,
삼양통상,LS네트웍스,,서부T&D,
일신방직,제이준코스메틱,,서진오토모티브,
형지엘리트,토박스코리아,,현대퓨처넷,
아이에이,경방,,서연,
새론오토모티브,엠에프엠코리아,,코리아에프티,
바른손,그리티,,엔바이오니아,
윌비스,진도,,상신브레이크,
다이나믹디자인,BGF에코머티리얼즈,,토박스코리아,
폴라리스우노,한국앤컴퍼니,,LS네트웍스,
아이윈,에스엠벡셀,,경방,
영원무역홀딩스,지엠비코리아,,우신시스템,
백산,GH신소재,,네오오토,
라파스,대우부품,,BGF리테일,
한국타이어앤테크놀로지,트루윈,,진도,
대유에이피,LF,,엠에프엠코리아,
두올,공구우먼,,BGF에코머티리얼즈,
웅진씽크빅,,,에스엠벡셀,
제닉,,,한국무브넥스,
코웨이,,,지엠비코리아,
성창오토텍,,,GH신소재,
성우하이텍,,,대우부품,
유니테크노,,,트루윈,
일지테크,,,LF,
브이티,,,공구우먼,
영화테크,,,,
신일전자,,,,
플레이그램,,,,
현대바이오랜드,,,,
한국콜마,,,,
코데즈컴바인,,,,
크린앤사이언스,,,,
서진오토모티브,,,,
잇츠한불,,,,
내츄럴엔도텍,,,,
서연,,,,
코리아에프티,,,,
엔바이오니아,,,,
상신브레이크,,,,
우신시스템,,,,
네오오토,,,,
경방,,,,
LS네트웍스,,,,
제이준코스메틱,,,,
엠에프엠코리아,,,,
그리티,,,,
BGF리테일,,,,
진도,,,,
BGF에코머티리얼즈,,,,
한국앤컴퍼니,,,,
에스엠벡셀,,,,
한국무브넥스,,,,
지엠비코리아,,,,
GH신소재,,,,
대우부품,,,,
트루윈,,,,
LF,,,,
공구우먼,,,,
